model,accuracy,f1,roc_auc
RandomForest,0.6376146788990825,0.7375415282392026,0.5873405762871988
LogisticRegression,0.6513761467889908,0.7751479289940828,0.5456778460085026
