model,accuracy,f1,roc_auc
RandomForest,0.6055045871559633,0.7094594594594594,0.586254133207369
LogisticRegression,0.6467889908256881,0.771513353115727,0.5473783656117146
